{
  "IcoMoonType": "selection",
  "icons": [
    {
      "icon": {
        "paths": [
          "M0 1024h512v-1024h-512v1024zM320 128h128v128h-128v-128zM320 384h128v128h-128v-128zM320 640h128v128h-128v-128zM64 128h128v128h-128v-128zM64 384h128v128h-128v-128zM64 640h128v128h-128v-128zM576 320h448v64h-448zM576 1024h128v-256h192v256h128v-576h-448z"
        ],
        "tags": [
          "office",
          "buildings",
          "work"
        ],
        "defaultCode": 59651,
        "grid": 16,
        "attrs": []
      },
      "attrs": [],
      "properties": {
        "ligatures": "office, buildings",
        "name": "appartment",
        "order": 14,
        "id": 4,
        "prevSize": 32,
        "code": 59651
      },
      "setIdx": 0,
      "setId": 1,
      "iconIdx": 3
    },
    {
      "icon": {
        "paths": [
          "M304 608c0 114.876 93.124 208 208 208s208-93.124 208-208-93.124-208-208-208-208 93.124-208 208zM960 256h-224c-16-64-32-128-96-128h-256c-64 0-80 64-96 128h-224c-35.2 0-64 28.8-64 64v576c0 35.2 28.8 64 64 64h896c35.2 0 64-28.8 64-64v-576c0-35.2-28.8-64-64-64zM512 892c-156.85 0-284-127.148-284-284 0-156.85 127.15-284 284-284 156.852 0 284 127.15 284 284 0 156.852-127.146 284-284 284zM960 448h-128v-64h128v64z"
        ],
        "tags": [
          "camera",
          "photo",
          "picture",
          "image"
        ],
        "defaultCode": 59663,
        "grid": 16,
        "attrs": []
      },
      "attrs": [],
      "properties": {
        "ligatures": "camera, photo",
        "name": "photography",
        "order": 15,
        "id": 16,
        "prevSize": 32,
        "code": 59663
      },
      "setIdx": 0,
      "setId": 1,
      "iconIdx": 15
    },
    {
      "icon": {
        "paths": [
          "M384 288c0-88.366 71.634-160 160-160s160 71.634 160 160c0 88.366-71.634 160-160 160s-160-71.634-160-160zM0 288c0-88.366 71.634-160 160-160s160 71.634 160 160c0 88.366-71.634 160-160 160s-160-71.634-160-160zM768 608v-96c0-35.2-28.8-64-64-64h-640c-35.2 0-64 28.8-64 64v320c0 35.2 28.8 64 64 64h640c35.2 0 64-28.8 64-64v-96l256 160v-448l-256 160zM640 768h-512v-192h512v192z"
        ],
        "tags": [
          "video-camera",
          "video",
          "media",
          "film",
          "movie"
        ],
        "defaultCode": 59668,
        "grid": 16,
        "attrs": []
      },
      "attrs": [],
      "properties": {
        "ligatures": "video-camera, video3",
        "name": "cinema",
        "order": 16,
        "id": 21,
        "prevSize": 32,
        "code": 59668
      },
      "setIdx": 0,
      "setId": 1,
      "iconIdx": 20
    },
    {
      "icon": {
        "paths": [
          "M384 928c0 53.019-42.981 96-96 96s-96-42.981-96-96c0-53.019 42.981-96 96-96s96 42.981 96 96z",
          "M1024 928c0 53.019-42.981 96-96 96s-96-42.981-96-96c0-53.019 42.981-96 96-96s96 42.981 96 96z",
          "M1024 512v-384h-768c0-35.346-28.654-64-64-64h-192v64h128l48.074 412.054c-29.294 23.458-48.074 59.5-48.074 99.946 0 70.696 57.308 128 128 128h768v-64h-768c-35.346 0-64-28.654-64-64 0-0.218 0.014-0.436 0.016-0.656l831.984-127.344z"
        ],
        "tags": [
          "cart",
          "purchase",
          "ecommerce",
          "shopping"
        ],
        "defaultCode": 59706,
        "grid": 16,
        "attrs": []
      },
      "attrs": [],
      "properties": {
        "ligatures": "cart, purchase",
        "name": "grocery",
        "order": 12,
        "id": 59,
        "prevSize": 32,
        "code": 59706
      },
      "setIdx": 0,
      "setId": 1,
      "iconIdx": 58
    },
    {
      "icon": {
        "paths": [
          "M544 0l-96 96 96 96-224 256h-224l176 176-272 360.616v39.384h39.384l360.616-272 176 176v-224l256-224 96 96 96-96-480-480zM448 544l-64-64 224-224 64 64-224 224z"
        ],
        "tags": [
          "pushpin",
          "pin"
        ],
        "defaultCode": 59718,
        "grid": 16,
        "attrs": []
      },
      "attrs": [],
      "properties": {
        "ligatures": "pushpin, pin",
        "name": "pin",
        "order": 18,
        "id": 71,
        "prevSize": 32,
        "code": 59718
      },
      "setIdx": 0,
      "setId": 1,
      "iconIdx": 70
    },
    {
      "icon": {
        "paths": [
          "M512 0c-176.732 0-320 143.268-320 320 0 320 320 704 320 704s320-384 320-704c0-176.732-143.27-320-320-320zM512 512c-106.040 0-192-85.96-192-192s85.96-192 192-192 192 85.96 192 192-85.96 192-192 192z"
        ],
        "tags": [
          "location",
          "map-marker",
          "pin"
        ],
        "defaultCode": 59719,
        "grid": 16,
        "attrs": []
      },
      "attrs": [],
      "properties": {
        "ligatures": "location, map-marker",
        "name": "location",
        "order": 17,
        "id": 72,
        "prevSize": 32,
        "code": 59719
      },
      "setIdx": 0,
      "setId": 1,
      "iconIdx": 71
    },
    {
      "icon": {
        "paths": [
          "M256 64h512v128h-512v-128z",
          "M960 256h-896c-35.2 0-64 28.8-64 64v320c0 35.2 28.794 64 64 64h192v256h512v-256h192c35.2 0 64-28.8 64-64v-320c0-35.2-28.8-64-64-64zM128 448c-35.346 0-64-28.654-64-64s28.654-64 64-64 64 28.654 64 64-28.652 64-64 64zM704 896h-384v-320h384v320z"
        ],
        "tags": [
          "printer",
          "print"
        ],
        "defaultCode": 59732,
        "grid": 16,
        "attrs": []
      },
      "attrs": [],
      "properties": {
        "ligatures": "printer, print",
        "name": "printer",
        "order": 9,
        "id": 85,
        "prevSize": 32,
        "code": 59732
      },
      "setIdx": 0,
      "setId": 1,
      "iconIdx": 84
    },
    {
      "icon": {
        "paths": [
          "M704 0c-176.73 0-320 143.268-320 320 0 20.026 1.858 39.616 5.376 58.624l-389.376 389.376v192c0 35.346 28.654 64 64 64h64v-64h128v-128h128v-128h128l83.042-83.042c34.010 12.316 70.696 19.042 108.958 19.042 176.73 0 320-143.268 320-320s-143.27-320-320-320zM799.874 320.126c-53.020 0-96-42.98-96-96s42.98-96 96-96 96 42.98 96 96-42.98 96-96 96z"
        ],
        "tags": [
          "key",
          "password",
          "login",
          "signin"
        ],
        "defaultCode": 59789,
        "grid": 16,
        "attrs": []
      },
      "attrs": [],
      "properties": {
        "ligatures": "key, password",
        "name": "key",
        "order": 13,
        "id": 142,
        "prevSize": 32,
        "code": 59789
      },
      "setIdx": 0,
      "setId": 1,
      "iconIdx": 141
    },
    {
      "icon": {
        "paths": [
          "M1009.996 828.976l-301.544-301.544c-18.668-18.668-49.214-18.668-67.882 0l-22.626 22.626-184-184 302.056-302.058h-320l-142.058 142.058-14.060-14.058h-67.882v67.882l14.058 14.058-206.058 206.060 160 160 206.058-206.058 184 184-22.626 22.626c-18.668 18.668-18.668 49.214 0 67.882l301.544 301.544c18.668 18.668 49.214 18.668 67.882 0l113.136-113.136c18.67-18.666 18.67-49.214 0.002-67.882z"
        ],
        "tags": [
          "hammer",
          "tool",
          "fix",
          "make",
          "generate",
          "work",
          "build"
        ],
        "defaultCode": 59798,
        "grid": 16,
        "attrs": []
      },
      "attrs": [],
      "properties": {
        "ligatures": "hammer, tool2",
        "name": "repair",
        "order": 7,
        "id": 151,
        "prevSize": 32,
        "code": 59798
      },
      "setIdx": 0,
      "setId": 1,
      "iconIdx": 150
    },
    {
      "icon": {
        "paths": [
          "M889.162 179.77c7.568-9.632 8.972-22.742 3.62-33.758-5.356-11.018-16.532-18.012-28.782-18.012h-704c-12.25 0-23.426 6.994-28.78 18.012-5.356 11.018-3.95 24.126 3.618 33.758l313.162 398.57v381.66h-96c-17.672 0-32 14.326-32 32s14.328 32 32 32h320c17.674 0 32-14.326 32-32s-14.326-32-32-32h-96v-381.66l313.162-398.57zM798.162 192l-100.572 128h-371.18l-100.57-128h572.322z"
        ],
        "tags": [
          "glass",
          "drink",
          "beverage",
          "wine"
        ],
        "defaultCode": 59809,
        "grid": 16,
        "attrs": []
      },
      "attrs": [],
      "properties": {
        "ligatures": "glass2, drink2",
        "name": "bar",
        "order": 5,
        "id": 162,
        "prevSize": 32,
        "code": 59809
      },
      "setIdx": 0,
      "setId": 1,
      "iconIdx": 161
    },
    {
      "icon": {
        "paths": [
          "M224 0c-106.040 0-192 100.288-192 224 0 105.924 63.022 194.666 147.706 217.998l-31.788 518.124c-2.154 35.132 24.882 63.878 60.082 63.878h32c35.2 0 62.236-28.746 60.082-63.878l-31.788-518.124c84.684-23.332 147.706-112.074 147.706-217.998 0-123.712-85.96-224-192-224zM869.334 0l-53.334 320h-40l-26.666-320h-26.668l-26.666 320h-40l-53.334-320h-26.666v416c0 17.672 14.326 32 32 32h83.338l-31.42 512.122c-2.154 35.132 24.882 63.878 60.082 63.878h32c35.2 0 62.236-28.746 60.082-63.878l-31.42-512.122h83.338c17.674 0 32-14.328 32-32v-416h-26.666z"
        ],
        "tags": [
          "spoon-knife",
          "food",
          "restaurant"
        ],
        "defaultCode": 59811,
        "grid": 16,
        "attrs": []
      },
      "attrs": [],
      "properties": {
        "ligatures": "spoon-knife, food",
        "name": "restaurant",
        "order": 3,
        "id": 164,
        "prevSize": 32,
        "code": 59811
      },
      "setIdx": 0,
      "setId": 1,
      "iconIdx": 163
    }
  ],
  "height": 1024,
  "preferences": {
    "showGlyphs": true,
    "showQuickUse": true,
    "showQuickUse2": true,
    "showSVGs": true,
    "fontPref": {
      "prefix": "icon-",
      "metadata": {
        "fontFamily": "icomoon"
      },
      "metrics": {
        "emSize": 1024,
        "baseline": 6.25,
        "whitespace": 50
      },
      "embed": false
    },
    "imagePref": {
      "prefix": "icon-",
      "png": true,
      "useClassSelector": true,
      "color": 0,
      "bgColor": 16777215,
      "classSelector": ".icon",
      "name": "icomoon"
    },
    "historySize": 50,
    "showCodes": true,
    "gridSize": 16
  }
}